id	lead_time	arrival_date_month	arrival_date_day_of_month	stays_in_weekend_nights	stays_in_week_nights	adults	children	reserved_room_type	rate
1	342	July	1	0	0	2	0	0	0.00
2	737	July	1	0	0	2	0	0	0.00
3	7	July	1	0	1	1	0	0	75.00
4	13	July	1	0	1	1	0	0	75.00
5	14	July	1	0	2	2	0	0	98.00
6	14	July	1	0	2	2	0	0	98.00
7	0	July	1	0	2	2	0	0	107.00
8	9	July	1	0	2	2	0	0	103.00
9	85	July	1	0	3	2	0	0	82.00
10	75	July	1	0	3	2	0	0	105.50
11	23	July	1	0	4	2	0	0	123.00
12	35	July	1	0	4	2	0	0	145.00
13	68	July	1	0	4	2	0	0	97.00
14	18	July	1	0	4	2	1	0	154.77
15	37	July	1	0	4	2	0	0	94.71
16	68	July	1	0	4	2	0	0	97.00
17	37	July	1	0	4	2	0	0	97.50
18	12	July	1	0	1	2	0	0	88.20
19	0	July	1	0	1	2	0	0	107.42
20	7	July	1	0	4	2	0	0	153.00
21	37	July	1	1	4	1	0	0	97.29
22	72	July	1	2	4	2	0	0	84.67
23	72	July	1	2	4	2	0	0	84.67
24	72	July	1	2	4	2	0	0	99.67
25	127	July	1	2	5	2	0	0	94.95
26	78	July	1	2	5	2	0	0	63.60
27	48	July	1	2	5	2	0	0	79.50
28	60	July	1	2	5	2	0	0	107.00
29	77	July	1	2	5	2	0	0	94.00
30	99	July	1	2	5	2	0	0	87.30
31	118	July	1	4	10	1	0	0	62.00
32	95	July	1	4	11	2	0	0	63.86
33	96	July	1	2	8	2	0	0	108.30
34	69	July	2	2	4	2	0	0	65.50
35	45	July	2	1	3	3	0	0	108.80
36	40	July	2	1	3	3	0	0	108.80
37	15	July	2	1	3	2	0	0	98.00
38	36	July	2	1	3	3	0	0	108.80
39	43	July	2	1	3	3	0	0	108.80
40	70	July	2	2	3	2	0	0	137.00
41	45	July	2	2	3	2	0	0	117.81
42	45	July	2	2	3	2	0	0	79.50
43	16	July	2	2	3	2	0	0	123.00
44	70	July	2	2	3	2	0	0	137.00
45	107	July	2	2	5	2	0	0	110.70
46	47	July	2	2	5	2	2	0	153.00
47	96	July	2	2	5	2	0	0	58.95
48	113	July	2	2	5	2	0	0	82.88
49	90	July	2	2	5	2	0	0	82.35
50	50	July	2	2	5	2	0	0	119.35
51	113	July	2	2	5	2	0	0	67.58
52	93	July	2	3	8	2	0	0	56.01
53	76	July	2	4	10	2	0	0	110.70
54	3	July	2	0	1	2	0	0	88.20
55	1	July	2	0	1	2	0	0	147.00
56	1	July	2	0	1	2	2	0	107.00
57	0	July	2	0	1	2	0	0	147.00
58	0	July	2	0	1	2	0	0	117.90
59	0	July	2	0	1	2	0	0	123.00
60	14	July	2	0	2	2	0	0	98.00
61	10	July	2	0	2	2	0	0	117.81
62	5	July	2	0	2	2	0	0	135.00
63	17	July	2	0	3	2	0	0	133.00
64	93	July	2	0	3	2	0	0	58.95
65	3	July	2	0	3	2	0	0	136.33
66	10	July	3	0	2	2	2	0	153.00
67	3	July	3	0	2	2	0	0	110.50
68	51	July	3	0	2	2	0	0	97.00
69	71	July	3	0	2	3	0	0	110.30
70	63	July	3	0	2	2	0	0	82.00
71	62	July	3	0	2	2	0	0	97.00
72	101	July	3	0	2	2	0	0	73.80
73	2	July	3	0	2	2	0	0	91.50
74	15	July	3	0	2	2	0	0	114.50
75	51	July	3	0	2	3	0	0	110.30
76	3	July	3	1	2	2	0	0	90.90
77	48	July	3	1	2	2	0	0	123.00
78	2	July	3	2	2	1	0	0	122.00
79	72	July	3	2	2	2	0	0	110.70
80	81	July	3	2	6	3	0	0	85.86
81	99	July	3	2	7	2	0	0	58.95
82	368	July	3	3	7	2	0	0	55.68
83	364	July	3	3	7	2	0	0	55.68
84	81	July	3	3	7	2	0	0	124.00
85	99	July	3	3	7	2	0	0	111.15
86	324	July	3	4	10	2	0	0	134.73
87	69	July	3	4	10	2	0	0	92.45
88	79	July	3	6	15	2	1	0	108.73
89	12	July	3	0	1	2	0	0	73.80
90	9	July	3	0	1	2	0	0	98.00
91	1	July	3	0	1	2	0	0	131.00
92	21	July	3	0	1	2	0	0	123.00
93	9	July	3	0	1	2	0	0	94.71
94	109	July	3	0	1	2	0	0	123.00
95	109	July	3	0	2	2	0	0	123.00
96	72	July	3	0	2	2	0	0	73.80
97	63	July	3	2	5	2	0	0	117.00
98	63	July	3	2	5	3	0	0	196.54
99	101	July	3	2	5	2	1	0	99.30
100	102	July	3	2	5	2	0	0	90.95
101	4	July	4	2	1	2	0	0	92.67
102	98	July	4	2	1	2	0	0	71.55
103	92	July	4	2	4	1	2	0	96.49
104	95	July	4	2	4	2	0	0	85.80
105	102	July	4	2	5	2	0	0	96.30
106	26	July	4	2	5	2	2	0	163.00
107	73	July	4	2	5	3	0	0	172.00
108	102	July	4	2	5	2	0	0	110.70
109	115	July	4	2	5	2	0	0	58.95
110	102	July	4	2	5	2	0	1	73.80
111	86	July	4	2	5	2	0	0	97.00
112	78	July	4	2	5	2	0	1	139.00
113	52	July	4	2	5	2	0	0	67.24
114	29	July	4	2	6	3	0	0	116.50
115	101	July	4	2	6	2	0	0	96.30
116	109	July	4	2	6	2	0	0	123.00
117	92	July	4	4	6	2	0	0	71.55
118	92	July	4	4	6	2	0	0	71.55
119	79	July	4	4	6	2	1	0	149.00
120	2	July	4	0	1	2	2	0	163.00
121	30	July	4	0	1	2	0	0	79.50
122	51	July	4	0	1	1	0	0	105.00
123	36	July	4	0	1	1	0	0	123.00
124	73	July	4	0	1	2	0	0	73.80
125	33	July	4	0	1	2	0	0	113.00
126	32	July	4	0	1	4	0	0	0.00
127	8	July	4	0	1	2	0	0	123.00
128	100	July	4	1	1	2	0	0	73.80
129	1	July	4	1	1	2	0	0	114.50
130	100	July	4	1	1	2	0	0	73.80
131	100	July	4	1	1	2	0	0	73.80
132	9	July	5	1	0	2	0	0	88.20
133	5	July	5	1	0	2	0	0	97.00
134	0	July	5	1	0	2	0	0	85.10
135	9	July	5	1	0	1	0	0	89.00
136	2	July	5	1	0	1	0	0	80.10
137	2	July	5	1	0	2	0	0	98.00
138	9	July	5	1	0	1	0	0	101.00
139	5	July	5	1	0	2	0	0	97.00
140	2	July	5	1	0	2	0	0	167.00
141	44	July	5	2	0	3	0	0	225.00
142	80	July	5	2	0	2	0	0	97.00
143	97	July	5	2	2	2	0	0	87.30
144	109	July	5	2	3	2	1	0	85.59
145	30	July	5	2	3	2	0	0	123.00
146	64	July	5	2	3	2	0	0	107.00
147	39	July	5	2	4	2	0	0	163.00
148	90	July	5	2	4	2	0	0	82.00
149	34	July	5	2	4	2	2	0	163.00
150	93	July	5	2	5	2	0	0	105.50
151	97	July	5	2	5	2	2	0	164.20
152	29	July	5	2	5	2	0	0	97.29
153	101	July	5	2	5	2	0	0	114.00
154	27	July	5	2	5	2	0	0	98.40
155	8	July	5	4	5	2	2	0	175.00
156	82	July	5	4	6	2	0	0	63.60
157	94	July	5	4	6	3	0	0	124.45
158	110	July	5	4	7	2	0	0	110.70
159	96	July	5	4	10	1	0	0	74.07
160	79	July	5	4	10	2	0	0	134.10
161	115	July	6	1	4	2	2	0	167.00
162	111	July	6	1	3	2	0	0	123.00
163	51	July	6	1	3	2	0	0	117.81
164	94	July	6	1	3	3	0	0	171.32
165	81	July	6	1	3	2	2	0	210.00
166	84	July	6	1	3	2	0	1	97.00
167	51	July	6	1	3	3	0	0	117.81
168	111	July	6	0	0	2	0	0	0.00
169	0	July	6	0	0	1	0	0	0.00
170	2	July	6	1	0	2	1	0	131.00
171	7	July	6	1	1	2	0	0	98.00
172	98	July	6	1	1	2	0	0	87.30
173	95	July	6	1	2	2	0	0	97.00
174	48	July	6	1	3	2	0	0	167.00
175	66	July	6	1	3	2	0	0	91.50
176	104	July	6	1	3	2	0	0	73.80
177	28	July	6	1	4	2	0	0	123.00
178	34	July	6	1	4	2	0	0	175.00
179	98	July	6	1	5	2	0	0	117.80
180	104	July	6	1	5	2	0	0	117.63
181	68	July	6	2	5	2	2	0	185.00
182	86	July	6	2	5	1	0	0	71.00
183	258	July	6	2	5	2	0	0	47.25
184	111	July	6	3	5	2	0	0	151.00
185	94	July	6	3	7	2	0	0	87.30
186	112	July	6	3	7	2	0	0	120.60
187	100	July	6	3	7	2	0	0	63.86
188	33	July	6	3	7	2	0	0	157.10
189	97	July	6	3	7	2	0	0	91.37
190	80	July	6	3	8	1	0	0	73.00
191	90	July	6	4	10	2	0	0	110.70
192	111	July	6	4	10	2	0	0	93.60
193	65	July	6	2	5	2	0	0	83.50
194	67	July	7	0	2	2	0	0	73.80
195	55	July	7	0	3	2	0	0	82.00
196	21	July	7	0	3	2	1	0	185.50
197	8	July	7	0	0	2	0	0	0.00
198	8	July	7	0	0	2	0	0	0.00
199	0	July	7	0	1	1	0	0	109.80
200	0	July	7	0	1	3	0	0	195.00
201	0	July	7	0	1	1	0	0	109.80
202	8	July	7	0	4	3	2	0	193.00
203	66	July	7	0	4	2	0	0	97.00
204	88	July	7	0	4	3	0	0	150.00
205	0	July	7	0	4	2	0	0	98.00
206	43	July	7	0	5	2	0	0	91.50
207	88	July	7	2	5	2	0	0	139.00
208	54	July	7	2	5	2	0	0	79.50
209	292	July	7	2	5	2	0	0	47.25
210	112	July	7	4	10	2	0	0	126.65
211	68	July	8	0	3	2	0	0	107.00
212	7	July	8	0	4	2	0	0	131.00
213	1	July	8	0	4	2	0	0	131.00
214	113	July	8	0	4	2	0	0	123.00
215	5	July	8	0	4	2	0	0	146.00
216	83	July	8	0	4	2	0	0	110.70
217	105	July	8	0	4	2	0	0	73.80
218	0	July	8	0	1	1	0	0	61.00
219	1	July	8	0	1	2	0	0	104.72
220	1	July	8	0	1	2	0	0	104.72
221	1	July	8	0	2	2	0	0	104.72
222	102	July	8	1	4	2	0	0	66.42
223	113	July	8	2	4	2	0	0	77.96
224	280	July	8	2	5	2	1	0	112.00
225	96	July	8	2	5	2	0	0	107.00
226	394	July	8	2	5	2	0	0	89.68
227	33	July	8	2	5	2	0	0	155.00
228	82	July	8	2	6	3	0	0	112.00
229	100	July	8	2	7	3	0	0	130.10
230	100	July	8	2	7	2	0	0	100.10
231	17	July	9	0	1	2	2	0	123.00
232	68	July	9	0	2	3	0	0	124.00
233	12	July	9	0	2	2	2	0	146.00
234	77	July	9	0	3	2	0	0	97.00
235	24	July	9	0	3	2	2	0	123.00
236	44	July	9	0	3	2	2	0	153.00
237	78	July	9	0	3	2	0	1	82.00
238	17	July	9	1	3	2	0	0	105.08
239	103	July	9	1	3	2	0	0	65.42
240	16	July	9	1	3	1	0	0	98.00
241	14	July	9	2	3	2	0	0	75.46
242	77	July	9	2	3	2	0	0	65.50
243	90	July	9	2	5	2	0	0	90.95
244	90	July	9	2	5	2	0	0	93.60
245	90	July	9	2	5	2	0	0	119.25
246	366	July	9	2	5	2	0	0	134.73
247	249	July	9	2	5	2	0	0	112.00
248	69	July	9	2	6	2	0	0	118.13
249	10	July	10	0	1	2	0	0	131.00
250	22	July	10	0	2	2	0	0	88.20
251	91	July	10	0	2	2	0	0	73.80
252	23	July	10	0	2	2	0	0	98.00
253	11	July	10	0	2	2	0	0	110.50
254	3	July	10	0	2	2	0	0	131.00
255	13	July	10	0	2	2	1	0	185.00
256	108	July	10	0	2	2	0	0	87.30
257	91	July	10	0	2	2	0	0	73.80
258	37	July	10	1	2	2	0	0	120.00
259	21	July	10	1	2	2	0	0	98.00
260	106	July	10	1	2	2	0	0	96.30
261	30	July	10	2	2	2	0	0	197.00
262	30	July	10	2	2	2	0	0	197.00
263	51	July	10	2	3	2	0	0	123.00
264	79	July	10	2	3	2	0	0	82.00
265	21	July	10	2	3	2	0	2	165.00
266	35	July	10	2	3	2	2	0	149.40
267	78	July	10	2	5	2	0	0	106.84
268	31	July	10	2	5	2	0	0	161.00
269	78	July	10	2	5	2	0	0	134.43
270	78	July	10	2	5	2	0	0	144.43
271	44	July	10	2	5	1	0	0	152.00
272	34	July	10	2	5	2	1	0	125.54
273	87	July	10	2	5	2	1	1	133.83
274	11	July	10	2	6	3	1	0	159.75
275	115	July	10	2	7	2	0	0	120.60
276	86	July	10	3	7	2	0	0	112.20
277	41	July	10	4	7	2	0	1	110.60
278	32	July	10	4	9	2	0	0	105.90
279	34	July	10	2	5	2	1	0	95.27
280	34	July	10	2	5	2	0	0	108.83
281	100	July	11	2	3	2	1	0	153.96
282	44	July	11	2	3	2	0	0	120.60
283	304	July	11	2	4	2	0	1	90.67
284	36	July	11	2	4	2	0	0	126.67
285	117	July	11	2	4	3	0	0	144.40
286	70	July	11	2	4	2	0	0	99.50
287	110	July	11	2	5	2	0	0	139.40
288	109	July	11	2	5	2	0	0	73.80
289	33	July	11	2	2	2	0	0	89.97
290	33	July	11	2	2	2	0	0	123.00
291	33	July	11	2	2	2	0	0	123.00
292	0	July	11	0	1	1	0	0	123.00
293	0	July	11	0	1	2	0	0	144.90
294	0	July	11	0	1	2	0	0	153.00
295	0	July	11	0	1	2	0	0	131.00
296	84	July	11	1	1	2	0	0	100.00
297	71	July	11	1	1	2	0	0	65.50
298	16	July	11	1	1	2	0	0	123.00
299	54	July	11	2	1	2	0	0	123.00
300	8	July	11	2	1	2	0	0	131.00
301	36	July	11	2	5	2	0	0	104.68
302	40	July	11	2	5	2	0	0	166.00
303	59	July	11	2	6	2	0	0	111.25
304	79	July	11	2	6	2	2	0	213.75
305	32	July	11	4	6	2	0	0	178.00
306	110	July	11	2	5	2	0	0	113.90
307	33	July	11	2	5	2	0	0	129.29
308	53	July	12	1	0	2	2	0	153.00
309	2	July	12	1	0	2	0	0	98.00
310	8	July	12	2	4	2	1	0	169.00
311	72	July	12	2	4	2	0	0	93.00
312	12	July	12	2	5	2	0	0	132.29
313	48	July	12	2	5	2	0	0	123.00
314	90	July	12	2	5	2	0	0	117.22
315	34	July	12	2	5	2	0	1	149.00
316	58	July	12	2	5	3	1	0	164.57
317	59	July	12	2	5	2	0	0	107.00
318	90	July	12	2	5	2	0	1	117.22
319	116	July	12	2	5	2	0	0	119.25
320	31	July	12	2	5	2	0	0	123.00
321	51	July	12	2	5	2	0	0	105.71
322	48	July	12	2	5	2	0	0	123.00
323	59	July	12	2	5	2	0	0	144.43
324	97	July	12	3	5	2	0	0	126.00
325	12	July	12	4	5	2	0	0	148.30
326	64	July	12	4	5	2	0	0	125.22
327	31	July	12	4	7	2	0	0	123.00
328	59	July	12	4	7	2	0	0	130.00
329	55	July	12	4	10	2	10	0	133.16
330	81	July	12	2	5	2	0	0	78.84
331	1	July	12	1	0	2	0	0	80.10
332	34	July	12	2	0	2	2	0	193.00
333	13	July	12	2	0	2	0	0	88.20
334	40	July	12	2	0	2	0	0	90.71
335	1	July	12	2	0	2	0	0	114.50
336	34	July	12	2	0	2	0	0	120.20
337	88	July	12	2	1	2	0	0	79.50
338	9	July	12	2	1	2	0	0	117.90
339	24	July	12	2	1	2	0	0	128.00
340	97	July	12	2	2	2	0	0	90.95
341	60	July	12	2	2	2	0	1	107.00
342	100	July	12	2	2	2	2	0	130.05
343	50	July	12	2	3	2	0	0	123.00
344	47	July	12	2	3	2	0	0	103.80
345	8	July	12	2	3	2	2	0	196.00
346	34	July	12	2	3	2	0	0	149.40
347	47	July	13	2	5	2	0	0	175.71
348	115	July	13	2	5	2	0	1	119.70
349	79	July	13	2	5	2	0	0	100.86
350	91	July	13	2	5	2	0	0	100.86
351	98	July	13	1	1	2	0	0	82.00
352	109	July	13	1	1	2	0	0	73.80
353	0	July	13	1	1	2	0	0	117.90
354	98	July	13	1	1	2	0	0	82.00
355	0	July	13	1	1	4	0	0	150.00
356	9	July	13	1	1	2	0	0	161.00
357	62	July	13	1	1	2	0	0	64.00
358	45	July	13	1	1	2	0	0	123.00
359	42	July	13	1	2	2	0	0	110.00
360	54	July	13	1	2	2	0	0	88.20
361	51	July	13	1	2	2	0	0	130.00
362	54	July	13	1	2	2	0	0	88.20
363	58	July	13	1	2	2	0	0	165.00
364	0	July	13	1	3	1	0	0	114.00
365	60	July	13	1	4	2	0	0	79.50
366	321	July	13	1	4	2	0	0	132.80
367	40	July	13	1	4	2	0	0	120.00
368	51	July	13	1	4	2	0	0	79.50
369	38	July	13	1	4	2	0	0	120.00
370	75	July	13	1	4	2	0	0	144.20
371	101	July	13	1	4	2	0	0	107.20
372	42	July	13	1	4	2	0	0	120.00
373	40	July	13	1	4	2	0	0	120.00
374	109	July	13	1	4	3	0	0	163.80
375	81	July	13	1	5	2	0	0	98.50
376	98	July	13	1	5	2	0	0	130.50
377	32	July	13	1	5	1	0	0	153.00
378	72	July	13	1	5	2	0	0	98.50
379	115	July	13	2	5	2	0	0	119.70
380	118	July	13	2	5	2	0	0	184.60
381	81	July	13	2	5	2	1	0	181.22
382	95	July	13	2	5	2	0	0	100.86
383	16	July	13	1	0	2	0	0	100.20
384	56	July	13	1	3	2	0	0	134.25
385	88	July	13	3	5	2	0	0	96.30
386	41	July	13	3	6	2	0	0	83.09
387	40	July	14	0	1	2	0	0	105.50
388	1	July	14	0	1	1	0	0	134.00
389	1	July	14	0	1	2	0	0	8.00
390	1	July	14	0	2	2	0	0	146.00
391	76	July	14	0	4	2	0	0	126.00
392	0	July	14	0	4	2	0	0	111.15
393	49	July	14	0	5	2	0	0	136.20
394	76	July	14	0	5	2	0	0	101.80
395	73	July	14	1	5	2	0	0	127.00
396	73	July	14	1	5	2	1	0	161.50
397	317	July	14	1	5	2	2	0	230.67
398	112	July	14	2	5	1	0	0	65.70
399	6	July	14	2	5	2	0	0	180.00
400	8	July	14	2	5	2	0	0	168.57
401	96	July	14	2	7	2	0	0	107.67
402	96	July	14	2	7	2	0	0	96.90
403	99	July	14	2	7	2	0	0	107.00
404	66	July	14	2	9	2	0	0	73.41
405	38	July	14	4	10	2	0	0	109.90
406	38	July	14	4	10	2	0	0	109.90
407	113	July	14	4	11	3	0	0	187.50
408	0	July	14	0	1	1	0	0	134.00
409	62	July	15	0	3	2	0	0	91.50
410	39	July	15	0	3	2	0	0	132.44
411	37	July	15	2	4	2	0	0	106.90
412	58	July	15	2	5	2	0	0	131.86
413	37	July	15	2	6	2	2	0	216.13
414	57	July	15	0	2	2	0	0	107.00
415	57	July	15	0	2	2	0	0	107.00
416	57	July	15	0	2	2	0	0	107.00
417	57	July	15	0	2	2	0	0	107.00
418	57	July	15	0	2	2	0	0	107.00
419	83	July	15	2	7	2	2	0	190.33
420	57	July	15	0	2	2	0	0	107.00
421	57	July	15	0	2	1	0	0	94.00
422	57	July	15	0	2	2	0	0	0.00
423	57	July	15	0	2	2	0	0	98.75
424	57	July	15	0	2	3	0	0	148.23
425	57	July	15	0	2	1	0	0	94.00
426	57	July	15	0	2	2	0	0	107.00
427	57	July	15	0	2	2	0	0	107.00
428	57	July	15	0	2	3	0	0	148.23
429	57	July	15	0	2	1	0	0	0.00
430	57	July	15	0	2	2	0	0	107.00
431	57	July	15	0	2	2	0	0	107.00
432	57	July	15	0	2	2	0	0	107.00
433	57	July	15	0	2	2	0	0	107.00
434	57	July	15	0	2	2	0	0	98.75
435	66	July	16	0	2	2	2	0	195.00
436	13	July	16	0	2	2	0	0	120.60
437	50	July	16	0	1	2	0	0	123.20
438	48	July	16	0	1	1	0	0	112.00
439	0	July	16	0	1	2	0	0	123.20
440	7	July	16	0	1	2	2	0	169.00
441	0	July	16	0	2	2	2	0	198.00
442	66	July	16	0	2	2	0	0	103.50
443	13	July	16	0	2	2	1	0	135.60
444	66	July	16	0	2	2	0	0	103.50
445	10	July	16	0	3	2	0	0	184.00
446	10	July	16	0	3	2	0	0	134.00
447	58	July	16	0	3	2	0	0	147.00
448	17	July	16	0	3	2	0	0	151.33
449	19	July	16	0	3	2	0	0	121.33
450	10	July	16	2	3	2	0	0	150.20
451	12	July	16	2	3	2	0	0	139.00
452	10	July	16	2	3	1	0	0	150.20
453	63	July	16	1	3	2	0	0	75.44
454	35	July	16	1	3	2	0	0	135.00
455	113	July	16	2	4	2	0	0	166.00
456	35	July	16	2	4	2	0	0	135.00
457	68	July	16	2	5	2	0	0	130.00
458	113	July	16	2	6	2	0	0	96.30
459	21	July	16	4	10	1	0	0	160.00
460	6	July	17	0	0	2	0	0	0.00
461	7	July	17	0	2	2	0	0	127.25
462	17	July	17	0	2	2	0	0	164.00
463	1	July	17	0	2	2	0	0	144.50
464	2	July	17	0	2	2	0	0	112.00
465	15	July	17	0	2	2	0	0	134.00
466	7	July	17	0	2	2	0	0	127.25
467	11	July	17	0	2	2	0	0	155.50
468	6	July	17	0	2	2	0	0	110.50
469	1	July	17	0	2	2	0	0	144.50
470	1	July	17	0	2	2	0	0	144.50
471	48	July	17	0	2	2	0	0	123.00
472	15	July	17	0	2	2	0	0	120.60
473	3	July	17	0	2	1	0	0	107.60
474	23	July	17	1	2	2	0	0	120.60
475	53	July	17	2	3	2	0	0	107.00
476	53	July	17	2	3	2	1	0	133.75
477	94	July	17	2	3	2	0	0	103.50
478	64	July	17	2	3	1	0	0	84.80
479	53	July	17	2	3	2	0	0	107.00
480	53	July	17	2	3	1	0	0	107.00
481	64	July	17	2	3	1	0	0	84.80
482	53	July	17	2	3	2	0	0	107.00
483	24	July	17	2	3	3	1	0	195.00
484	24	July	17	2	4	2	0	0	164.00
485	23	July	17	2	5	2	2	0	195.00
486	53	July	17	2	5	2	0	0	125.00
487	23	July	17	2	5	2	2	0	195.00
488	90	July	17	2	5	2	0	0	132.30
489	79	July	17	2	5	2	0	0	145.00
490	43	July	17	2	5	2	0	0	92.00
491	90	July	17	2	5	2	0	0	132.30
492	65	July	17	2	6	2	0	0	147.00
493	65	July	17	2	6	2	0	0	167.00
494	99	July	17	2	6	3	0	0	210.00
495	25	July	17	3	7	2	0	0	194.90
496	92	July	17	1	2	2	0	0	103.50
497	91	July	17	1	2	2	1	0	118.50
498	38	July	17	1	2	2	1	0	192.00
499	6	July	17	1	2	2	0	0	128.27
500	38	July	17	1	2	2	0	0	135.00
501	13	July	17	1	2	2	0	0	126.30
502	32	July	17	1	2	2	0	0	154.00
503	315	July	17	1	2	2	0	0	96.30
504	8	July	17	1	2	2	0	0	126.30
505	0	July	17	0	1	2	0	0	136.00
506	91	July	17	1	2	2	1	0	118.50
507	3	July	17	1	2	2	0	0	116.33
508	9	July	17	2	2	3	0	0	164.00
509	19	July	18	2	1	2	0	0	147.67
510	25	July	18	2	4	2	0	0	145.00
511	108	July	18	2	4	2	1	0	147.00
512	37	July	18	2	4	2	2	0	168.30
513	45	July	18	2	5	2	0	0	167.00
514	64	July	18	2	5	2	0	0	137.75
515	44	July	18	2	2	2	0	0	145.00
516	26	July	18	2	2	2	0	0	132.60
517	96	July	18	2	2	2	0	0	147.00
518	123	July	18	2	2	2	0	1	157.00
519	42	July	18	2	3	2	2	0	210.00
520	59	July	18	2	3	2	0	0	132.50
521	28	July	18	2	3	2	0	0	98.02
522	106	July	18	2	3	2	1	1	126.00
523	1	July	18	0	1	2	0	0	173.00
524	0	July	18	0	1	2	2	0	249.00
525	4	July	18	1	1	1	2	0	186.50
526	3	July	18	2	1	1	0	0	95.00
527	73	July	18	2	5	2	1	0	241.50
528	44	July	18	2	5	2	0	0	177.00
529	95	July	18	2	5	2	0	0	153.73
530	94	July	18	2	5	2	0	0	115.00
531	40	July	18	2	5	2	0	0	127.03
532	64	July	18	2	5	2	0	0	128.25
533	64	July	18	2	5	2	0	0	128.25
534	94	July	18	2	5	2	0	0	115.00
535	57	July	18	2	6	2	0	0	135.00
536	60	July	18	2	6	2	0	0	167.00
537	57	July	18	2	6	2	0	0	135.00
538	87	July	18	4	10	2	0	0	124.50
539	0	July	19	1	0	2	0	0	98.00
540	0	July	19	1	0	2	0	0	98.00
541	6	July	19	1	0	2	0	0	135.00
542	0	July	19	1	0	2	0	0	88.20
543	19	July	19	1	0	2	0	0	120.60
544	4	July	19	2	0	2	0	0	154.50
545	59	July	19	2	1	2	0	0	145.00
546	44	July	19	2	2	2	0	0	92.00
547	37	July	19	2	2	2	0	0	154.00
548	66	July	19	2	3	2	0	0	115.00
549	38	July	19	2	4	1	0	0	110.53
550	62	July	19	2	5	2	0	0	158.50
551	41	July	19	2	5	2	2	0	131.37
552	60	July	19	2	5	2	0	0	117.71
553	104	July	19	2	5	2	0	0	123.00
554	62	July	19	2	5	2	0	0	158.50
555	117	July	19	2	5	2	0	0	117.84
556	31	July	19	2	5	2	0	0	154.00
557	34	July	19	2	5	2	0	0	116.85
558	47	July	19	2	4	2	1	0	129.16
559	24	July	19	2	4	2	2	0	214.00
560	104	July	19	2	4	2	0	0	115.00
561	104	July	19	2	5	2	0	0	123.00
562	32	July	19	2	5	2	0	0	123.00
563	47	July	19	3	5	2	2	0	195.00
564	29	July	19	4	6	2	0	0	135.20
565	30	July	19	4	10	2	0	0	123.00
566	123	July	19	2	4	2	0	1	130.50
567	14	July	20	1	0	1	0	0	123.00
568	118	July	20	1	2	2	2	0	179.10
569	0	July	20	0	0	1	0	0	0.00
570	0	July	20	0	0	2	0	0	0.00
571	79	July	20	1	3	2	0	1	115.00
572	63	July	20	1	3	2	0	0	115.00
573	68	July	20	1	3	2	0	0	103.50
574	96	July	20	1	3	2	0	0	157.00
575	41	July	20	1	3	2	0	0	135.00
576	46	July	20	1	3	2	0	0	111.65
577	41	July	20	1	3	2	0	0	135.00
578	60	July	20	1	4	2	2	0	195.00
579	41	July	20	1	4	2	0	0	104.00
580	69	July	20	1	4	2	0	0	135.00
581	41	July	20	1	5	2	2	0	214.00
582	52	July	20	1	5	2	0	0	133.17
583	41	July	20	1	5	2	0	0	141.33
584	89	July	20	2	5	2	0	0	121.01
585	28	July	20	2	5	2	1	0	240.64
586	65	July	20	2	5	2	2	0	167.50
587	82	July	20	2	5	2	0	1	152.43
588	42	July	20	2	5	2	0	0	148.34
589	62	July	20	2	5	2	0	0	167.00
590	86	July	20	2	5	2	1	0	172.93
591	118	July	20	2	5	2	0	0	179.10
592	28	July	20	2	5	2	1	0	192.50
593	52	July	20	3	6	2	0	0	92.00
594	49	July	20	3	6	2	0	0	111.20
595	39	July	20	3	7	2	1	0	141.60
596	39	July	20	3	7	2	0	0	141.60
597	39	July	20	3	7	2	0	0	141.60
598	7	July	20	3	8	2	0	0	200.00
599	7	July	20	3	8	2	0	0	200.00
600	42	July	21	0	2	2	0	0	157.00
601	5	July	21	0	2	1	0	0	99.50
602	81	July	21	0	3	2	0	0	115.00
603	63	July	21	0	4	2	2	0	195.00
604	61	July	21	0	4	2	0	0	103.50
605	8	July	21	0	5	3	0	0	207.00
606	89	July	21	1	5	3	0	0	163.33
607	57	July	21	2	5	2	0	0	151.86
608	102	July	21	2	5	3	0	0	95.57
609	108	July	21	2	6	2	0	0	112.05
610	28	July	21	2	7	2	1	0	160.00
611	29	July	21	2	8	2	0	0	103.18
612	0	July	22	0	1	2	0	0	153.00
613	96	July	22	0	4	2	0	0	119.75
614	44	July	22	0	4	2	0	0	135.00
615	44	July	22	0	4	2	1	0	167.69
616	44	July	22	0	4	2	2	0	195.00
617	44	July	22	0	4	2	0	0	135.00
618	41	July	22	1	4	2	0	0	178.40
619	16	July	23	0	0	2	2	0	0.00
620	73	July	23	0	0	2	0	0	0.00
621	3	July	23	0	1	2	0	0	154.00
622	0	July	23	0	1	2	0	0	134.00
623	55	July	23	0	1	1	0	0	112.00
624	33	July	23	0	3	2	0	0	194.00
625	19	July	23	0	3	2	0	0	153.00
626	55	July	23	0	3	2	0	0	135.00
627	33	July	23	0	3	2	0	0	184.00
628	19	July	23	1	3	2	2	0	210.00
629	19	July	23	1	3	2	0	0	139.00
630	117	July	23	2	3	2	0	0	101.46
631	72	July	23	2	4	2	0	0	145.00
632	19	July	23	1	3	2	0	0	173.00
633	34	July	23	2	6	3	0	0	217.05
634	9	July	24	0	2	2	0	0	164.00
635	8	July	24	0	2	2	0	0	173.00
636	36	July	24	0	1	2	0	0	112.50
637	22	July	24	0	2	2	0	0	153.00
638	22	July	24	0	2	2	0	0	173.00
639	22	July	24	0	2	2	0	0	153.00
640	36	July	24	0	2	2	0	0	134.00
641	22	July	24	0	2	2	0	0	153.00
642	22	July	24	0	2	2	2	0	233.00
643	18	July	24	0	2	2	0	0	154.00
644	8	July	24	0	2	2	0	0	173.00
645	67	July	24	0	2	2	0	0	135.00
646	105	July	24	0	2	2	0	0	132.50
647	1	July	24	1	2	3	0	0	222.67
648	67	July	24	0	2	2	0	0	135.00
649	39	July	24	0	2	2	0	0	107.00
650	45	July	24	1	2	2	0	0	127.00
651	45	July	24	2	2	2	0	0	135.00
652	14	July	24	2	2	2	0	0	149.70
653	53	July	24	2	2	2	0	0	161.25
654	28	July	24	2	2	2	0	0	107.00
655	55	July	24	2	3	2	0	0	75.44
656	55	July	24	2	3	2	0	0	75.44
657	25	July	24	2	5	2	0	0	115.00
658	43	July	24	2	5	2	0	0	159.20
659	109	July	24	2	5	2	0	0	163.29
660	62	July	24	2	6	2	2	0	210.00
661	25	July	24	2	6	2	0	0	154.00
662	43	July	24	2	7	2	0	0	166.00
663	35	July	24	3	7	2	0	0	132.50
664	42	July	24	3	7	2	0	0	107.00
665	312	July	24	4	10	3	0	0	121.98
666	30	July	25	0	0	2	1	0	0.00
667	47	July	25	2	1	2	0	0	133.00
668	40	July	25	0	1	2	0	0	107.00
669	11	July	25	0	1	2	0	0	117.81
670	39	July	25	0	1	2	0	0	107.00
671	39	July	25	0	1	2	0	0	120.60
672	1	July	25	1	1	2	0	0	147.00
673	12	July	25	1	1	2	0	0	153.00
674	16	July	25	1	1	2	0	0	153.00
675	16	July	25	1	1	2	0	0	134.00
676	12	July	25	1	1	2	0	0	153.00
677	51	July	25	2	1	2	0	0	118.00
678	67	July	25	2	2	2	0	0	134.00
679	52	July	25	2	3	2	0	0	135.00
680	25	July	25	2	3	2	1	0	158.77
681	94	July	25	2	3	2	0	0	134.00
682	54	July	25	2	3	2	0	0	134.00
683	33	July	25	2	3	2	2	0	142.03
684	47	July	25	2	3	2	2	0	240.00
685	43	July	25	2	4	2	0	0	134.00
686	87	July	25	2	4	2	0	0	134.00
687	54	July	25	2	5	2	0	0	147.00
688	32	July	25	2	5	2	0	0	176.00
689	29	July	25	2	5	2	0	0	120.60
690	96	July	25	2	5	2	0	0	166.00
691	100	July	25	2	5	2	0	0	134.00
692	54	July	25	2	5	2	0	0	147.00
693	75	July	25	2	5	2	0	0	167.00
694	31	July	25	2	5	2	0	0	107.20
695	25	July	25	2	6	1	0	0	131.63
696	61	July	25	2	6	3	0	0	233.05
697	60	July	25	2	6	2	0	0	90.12
698	31	July	25	3	6	2	0	0	120.60
699	107	July	25	3	6	1	0	0	125.00
700	31	July	25	3	6	2	0	0	154.00
701	115	July	25	4	6	2	0	0	120.60
702	59	July	25	4	8	2	0	0	114.25
703	85	July	25	4	10	2	0	0	107.00
704	0	July	25	2	5	2	0	0	88.55
705	299	July	25	2	5	2	1	0	149.00
706	50	July	25	2	5	3	0	0	195.00
707	50	July	25	2	5	2	0	0	164.00
708	88	July	26	2	2	2	0	0	154.00
709	116	July	26	2	3	2	0	0	120.60
710	47	July	26	2	1	2	0	0	103.50
711	48	July	26	2	1	2	0	0	115.00
712	54	July	26	2	4	2	1	0	95.02
713	33	July	26	2	4	2	0	0	132.50
714	73	July	26	2	3	3	0	0	209.00
715	54	July	26	2	4	2	1	0	95.02
716	33	July	26	2	4	2	0	0	132.50
717	38	July	26	2	5	2	2	0	180.00
718	34	July	26	2	0	2	0	0	103.18
719	130	July	26	2	5	2	0	0	174.01
720	39	July	26	3	5	2	0	0	133.00
721	39	July	26	3	5	2	0	0	133.00
722	45	July	26	2	5	2	0	0	107.20
723	31	July	27	0	0	2	0	0	0.00
724	48	July	27	1	1	2	2	0	210.00
725	59	July	27	1	1	2	0	0	145.00
726	48	July	27	1	1	2	2	0	195.00
727	48	July	27	1	1	1	0	0	124.20
728	48	July	27	1	1	2	0	0	167.00
729	48	July	27	1	2	2	0	0	145.00
730	96	July	27	1	2	2	0	0	166.00
731	51	July	27	1	2	2	0	0	115.00
732	96	July	27	1	2	2	0	0	166.00
733	41	July	27	1	3	2	0	0	120.60
734	6	July	27	1	3	2	0	0	162.00
735	27	July	27	1	3	2	0	0	153.00
736	28	July	27	1	3	2	0	0	133.20
737	30	July	27	1	3	2	0	0	134.00
738	45	July	27	1	3	2	0	0	107.00
739	52	July	27	1	3	2	1	0	145.00
740	31	July	27	1	3	2	0	0	145.00
741	74	July	27	1	3	2	0	0	107.00
742	31	July	27	1	3	2	0	0	167.20
743	87	July	27	1	3	2	0	0	134.00
744	48	July	27	1	3	2	1	0	130.00
745	41	July	27	1	3	2	0	0	164.00
746	35	July	27	1	3	2	0	0	149.00
747	28	July	27	1	4	2	0	0	154.00
748	77	July	27	1	4	2	0	0	195.00
749	33	July	27	1	4	2	0	0	134.00
750	30	July	27	1	4	2	0	0	107.20
751	34	July	27	1	4	2	0	0	164.00
752	298	July	27	1	5	3	0	0	183.45
753	35	July	27	1	5	2	0	0	159.60
754	40	July	27	1	5	2	0	0	120.60
755	101	July	27	2	5	2	0	0	164.00
756	101	July	27	2	5	2	0	0	219.43
757	101	July	27	2	5	2	0	0	134.00
758	101	July	27	2	5	2	0	0	164.00
759	38	July	27	2	5	2	0	0	107.20
760	76	July	27	2	5	2	0	0	102.72
761	70	July	28	0	1	2	1	0	114.85
762	70	July	28	0	1	2	1	0	114.85
763	68	July	28	0	2	2	0	0	135.00
764	63	July	28	0	3	2	2	0	195.00
765	11	July	28	0	3	2	0	0	173.00
766	32	July	28	0	4	2	0	0	107.00
767	29	July	28	0	4	2	0	0	107.00
768	47	July	28	0	4	2	0	0	164.00
769	50	July	28	0	5	2	0	0	138.80
770	29	July	28	0	5	2	0	0	154.00
771	36	July	28	0	5	2	0	0	135.00
772	49	July	28	1	5	2	0	0	103.18
773	70	July	28	2	6	2	0	0	115.50
774	110	July	28	2	8	2	0	0	90.95
775	8	July	29	0	0	2	0	0	0.00
776	119	July	29	0	4	2	0	0	108.54
777	30	July	29	0	4	2	0	0	146.00
778	29	July	29	1	4	2	0	0	165.40
779	71	July	29	1	4	2	0	0	134.00
780	37	July	29	1	4	2	0	0	133.00
781	40	July	29	1	4	3	0	0	240.00
782	37	July	29	1	4	2	0	0	157.00
783	0	July	29	0	1	2	2	0	188.00
784	37	July	29	1	4	2	0	0	133.00
785	37	July	29	1	4	2	0	0	145.00
786	97	July	29	1	4	2	0	0	134.00
787	71	July	29	1	4	2	0	0	134.00
788	118	July	29	1	4	2	0	0	186.00
789	102	July	29	2	5	2	0	0	90.95
790	54	July	29	2	5	2	0	0	141.65
791	58	July	29	2	5	2	0	0	99.24
792	34	July	29	2	4	2	0	0	108.06
793	105	July	29	2	5	2	0	0	90.95
794	47	July	29	2	6	2	0	0	148.63
795	15	July	30	0	1	2	0	0	173.00
796	37	July	30	0	1	1	0	0	107.00
797	0	July	30	0	1	1	0	0	114.00
798	8	July	30	0	1	2	0	0	153.00
799	17	July	30	0	2	2	0	0	153.00
800	3	July	30	0	3	3	1	0	250.33
801	30	July	30	0	3	2	0	0	146.67
802	31	July	30	0	3	2	0	0	154.00
803	66	July	30	0	3	2	0	0	120.60
804	52	July	30	0	3	2	2	0	280.74
805	20	July	30	1	3	2	1	0	193.00
806	30	July	30	0	3	2	0	0	146.67
807	31	July	30	0	3	2	0	0	154.00
808	62	July	30	1	3	2	0	0	154.50
809	65	July	30	1	3	2	0	0	120.60
810	64	July	30	2	3	2	0	0	137.80
811	77	July	30	2	7	2	0	0	160.00
812	75	July	30	2	7	2	0	0	125.89
813	75	July	30	2	7	2	0	0	125.89
814	62	July	30	2	5	2	0	0	126.71
815	42	July	31	0	0	1	0	0	0.00
816	46	July	31	0	0	2	0	0	0.00
817	0	July	31	0	1	2	2	0	188.00
818	25	July	31	0	1	2	0	0	153.00
819	16	July	31	0	1	2	0	0	173.00
820	16	July	31	0	1	2	0	0	173.00
821	16	July	31	0	2	1	0	0	120.00
822	4	July	31	0	2	2	0	0	154.80
823	4	July	31	0	2	2	0	0	192.00
824	25	July	31	0	2	2	0	0	153.00
825	83	July	31	0	2	2	0	0	120.60
826	4	July	31	0	2	2	0	0	192.00
827	56	July	31	0	2	2	0	0	120.60
828	32	July	31	0	2	2	0	0	164.00
829	32	July	31	0	2	2	2	0	219.50
830	0	July	31	0	2	2	0	0	192.50
831	18	July	31	1	2	2	0	0	149.70
832	23	July	31	1	2	2	0	0	111.92
833	39	July	31	1	2	2	0	0	120.60
834	18	July	31	1	2	2	0	0	149.70
835	18	July	31	1	2	2	0	0	173.00
836	23	July	31	1	2	2	0	0	112.00
837	286	July	31	2	2	1	0	0	57.60
838	72	July	31	2	2	2	2	0	214.00
839	136	July	31	2	2	2	0	0	172.00
840	58	July	31	2	3	1	0	0	157.80
841	80	July	31	2	4	2	0	0	170.33
842	113	July	31	3	7	2	0	0	119.25
843	129	August	1	1	1	2	0	0	96.30
844	84	August	1	2	1	2	0	0	118.06
845	84	August	1	2	1	2	0	0	118.06
846	89	August	1	0	1	2	0	0	154.00
847	10	August	1	0	1	2	0	0	202.00
848	80	August	1	0	1	2	0	0	134.00
849	10	August	1	0	1	2	0	0	202.00
850	10	August	1	0	1	2	0	0	252.00
851	24	August	1	0	1	2	2	0	233.00
852	1	August	1	0	1	2	0	0	211.00
853	9	August	1	0	1	2	0	0	211.00
854	3	August	1	2	3	2	2	0	237.00
855	3	August	1	2	5	2	0	0	188.29
856	124	August	1	2	4	2	0	0	120.60
857	74	August	1	2	5	2	2	0	177.14
858	82	August	1	2	5	2	2	0	222.14
859	91	August	1	2	5	2	0	0	127.82
860	77	August	1	2	5	2	0	0	194.14
861	130	August	1	2	5	2	0	0	120.60
862	91	August	1	2	5	2	1	0	144.53
863	79	August	1	2	5	3	0	0	185.00
864	130	August	1	2	6	2	0	0	96.30
865	66	August	1	2	6	2	0	0	193.13
866	53	August	1	3	6	2	0	0	210.78
867	80	August	1	4	6	2	2	0	169.00
868	77	August	1	4	6	2	1	0	174.70
869	57	August	1	4	10	2	2	0	135.53
870	11	August	1	4	10	1	0	0	172.00
871	25	August	2	1	0	2	0	0	144.00
872	2	August	2	2	0	2	0	0	162.50
873	36	August	2	2	3	2	0	0	209.60
874	36	August	2	2	3	2	0	0	209.60
875	115	August	2	2	5	3	0	0	195.50
876	95	August	2	2	4	2	1	0	186.00
877	67	August	2	2	4	2	0	0	163.50
878	60	August	2	2	5	2	0	0	180.28
879	34	August	2	2	5	2	0	0	174.76
880	78	August	2	4	5	2	0	0	116.85
881	93	August	2	2	5	2	0	0	159.00
882	327	August	2	4	10	2	0	0	104.55
883	21	August	3	0	0	2	2	0	0.00
884	0	August	3	1	0	2	0	0	144.76
885	47	August	3	1	1	2	0	0	205.00
886	81	August	3	1	3	2	0	0	123.00
887	52	August	3	1	4	2	0	0	173.00
888	13	August	3	1	4	2	2	0	220.55
889	83	August	3	2	5	2	0	0	162.14
890	131	August	3	2	5	2	0	1	119.70
891	460	August	3	2	5	1	0	0	77.54
892	82	August	3	2	5	2	0	0	120.60
893	61	August	3	2	5	2	0	0	153.00
894	94	August	4	0	0	2	0	0	0.00
895	1	August	4	0	0	2	0	0	0.00
896	0	August	4	0	1	2	0	0	172.00
897	36	August	4	0	3	1	0	0	221.00
898	61	August	4	0	3	2	0	0	153.00
899	13	August	4	0	4	2	0	1	230.50
900	13	August	4	0	4	2	0	0	230.50
901	15	August	4	0	4	2	0	0	211.00
902	14	August	4	0	5	2	0	0	241.00
903	13	August	4	1	5	2	0	0	211.00
904	140	August	4	2	5	2	0	0	90.95
905	6	August	4	2	5	2	0	0	188.29
906	140	August	4	2	5	2	0	0	90.95
907	81	August	4	2	8	2	0	0	187.80
908	1	August	5	0	0	3	0	0	0.00
909	65	August	5	0	0	2	0	0	0.00
910	0	August	5	0	1	2	0	0	172.00
911	2	August	5	0	1	2	0	0	171.90
912	0	August	5	0	1	2	0	0	200.00
913	114	August	5	0	3	2	0	0	149.40
914	111	August	5	0	4	2	0	0	154.00
915	44	August	5	0	4	2	0	0	148.25
916	139	August	5	0	4	2	0	0	172.00
917	57	August	5	1	4	2	0	0	183.00
918	16	August	5	1	4	2	0	0	242.60
919	139	August	5	0	4	3	0	0	172.00
920	84	August	5	2	5	2	0	1	168.71
921	117	August	5	2	6	2	0	0	166.00
922	69	August	6	0	1	1	0	0	112.00
923	2	August	6	0	1	2	0	0	172.00
924	118	August	6	0	3	2	0	0	120.60
925	129	August	6	0	3	2	0	0	126.00
926	9	August	6	0	3	2	2	0	268.00
927	52	August	6	1	3	2	0	0	173.00
928	65	August	6	2	3	2	0	0	149.20
929	7	August	6	2	3	2	0	0	217.20
930	28	August	6	1	3	3	0	0	239.30
931	3	August	6	2	4	2	0	0	181.50
932	87	August	6	2	6	2	0	0	154.00
933	51	August	6	2	6	2	0	0	173.00
934	136	August	6	2	8	3	1	0	181.90
935	4	August	7	0	0	2	0	0	0.00
936	1	August	7	0	1	2	0	0	114.00
937	49	August	7	0	2	2	2	0	267.00
938	4	August	7	0	2	2	1	0	226.00
939	45	August	7	0	2	2	0	0	173.00
940	6	August	7	0	2	2	0	0	211.00
941	4	August	7	0	2	2	0	0	191.00
942	53	August	7	1	2	2	0	0	173.00
943	52	August	7	1	2	2	0	0	173.00
944	4	August	7	2	2	2	2	0	277.50
945	98	August	7	2	2	2	0	0	134.00
946	46	August	7	2	2	2	0	0	153.00
947	122	August	7	2	2	2	0	0	186.00
948	83	August	7	2	2	2	0	0	107.20
949	16	August	7	2	3	2	0	0	221.00
950	43	August	7	2	4	2	0	0	202.00
951	73	August	7	2	5	2	2	0	169.00
952	116	August	7	2	5	2	1	1	133.50
953	113	August	7	2	5	2	0	0	154.38
954	113	August	7	2	5	2	0	0	154.38
955	51	August	7	2	5	2	0	0	205.00
956	65	August	7	2	7	2	0	0	121.39
957	0	August	8	0	1	2	0	0	171.90
958	87	August	8	0	1	2	0	0	164.00
959	106	August	8	1	1	2	0	0	134.00
960	5	August	8	1	1	2	0	0	250.00
961	98	August	8	1	1	2	0	0	208.00
962	78	August	8	1	1	2	2	0	181.00
963	4	August	8	2	1	2	0	0	172.00
964	5	August	8	2	1	2	0	0	157.59
965	3	August	8	2	2	2	0	0	211.75
966	85	August	8	2	2	2	0	0	246.00
967	137	August	8	2	2	2	0	0	108.54
968	67	August	8	2	4	2	0	0	186.00
969	54	August	8	2	5	2	0	0	205.00
970	87	August	8	2	5	2	0	0	154.00
971	54	August	8	2	5	2	0	0	200.71
972	12	August	8	2	5	2	2	0	252.00
973	60	August	8	2	5	2	2	0	135.20
974	75	August	8	2	5	2	2	0	276.43
975	54	August	8	2	5	2	0	0	228.00
976	126	August	8	2	5	2	0	1	133.00
977	54	August	8	2	5	2	0	0	205.00
978	84	August	8	2	5	2	0	0	134.00
979	106	August	8	2	5	2	0	0	119.70
980	136	August	8	2	5	2	0	0	90.95
981	98	August	8	2	5	2	0	0	138.00
982	91	August	8	2	5	2	0	0	134.00
983	58	August	8	2	6	1	0	0	173.00
984	61	August	8	4	9	2	0	0	165.69
985	0	August	9	1	0	2	0	0	195.00
986	5	August	9	1	0	2	0	0	127.31
987	2	August	9	1	0	2	0	0	134.00
988	9	August	9	2	0	2	1	0	207.00
989	10	August	9	2	0	2	0	0	211.50
990	62	August	9	2	1	2	0	0	210.33
991	34	August	9	2	2	2	0	0	211.00
992	82	August	9	2	2	2	0	0	154.00
993	65	August	9	2	3	2	0	0	145.40
994	129	August	9	2	3	1	0	0	101.25
995	55	August	9	2	4	2	0	0	179.38
996	122	August	9	2	4	2	0	0	166.00
997	41	August	9	2	4	2	0	0	202.00
998	41	August	9	2	4	2	0	0	172.00
999	81	August	9	2	4	2	1	1	277.00